id,date,course,player,total,h1,h2,h3,h4,h5,h6,h7,h8,h9,h10,h11,h12,h13,h14,h15,h16,h17,h18
7001,2025-08-03,4,12,74,4,4,3,4,5,4,3,4,5,4,4,3,5,4,4,4,5,5
7002,2025-08-06,1,9,81,5,5,4,4,6,6,4,4,5,4,4,5,5,4,4,3,4,5
7003,2025-08-10,4,3,76,5,4,3,4,5,4,3,4,5,4,5,3,5,4,5,3,5,5
7004,2025-08-16,2,9,80,5,4,5,4,5,5,3,5,5,5,4,3,6,4,4,4,4,5
7005,2025-08-25,6,11,84,8,4,3,4,6,5,4,5,7,5,4,3,5,5,5,3,4,4
7006,2025-08-28,7,7,73,4,4,3,3,5,4,3,4,5,4,4,4,5,4,4,4,4,5
7007,2025-08-28,6,11,85,6,4,4,4,6,5,3,4,7,5,5,3,8,4,4,4,4,5
7008,2025-10-05,4,5,75,4,4,3,5,5,4,3,4,5,5,4,3,5,4,4,3,4,6
7009,2025-10-12,5,9,78,4,4,4,4,6,4,5,4,5,4,4,5,4,5,5,3,4,4
7010,2025-10-18,1,14,85,4,5,3,4,5,4,3,5,7,4,5,5,7,5,5,4,5,5
7011,2025-10-20,4,4,76,4,4,4,4,6,4,3,5,6,4,4,3,5,4,4,3,4,5
7012,2025-10-22,1,12,71,4,4,3,4,5,4,3,4,5,3,4,4,4,4,4,3,4,5
7013,2025-10-23,5,1,76,4,4,3,4,5,5,3,5,5,5,4,4,4,4,4,4,5,4
7014,2025-11-03,1,16,80,4,5,3,5,6,5,3,6,5,4,5,3,5,4,5,3,4,5
7015,2025-11-06,2,6,77,4,4,3,4,6,4,4,4,5,4,6,3,5,4,5,3,4,5
7016,2025-11-10,8,20,77,4,4,3,4,5,4,5,4,6,4,4,3,6,4,5,3,5,4
7017,2025-11-10,4,1,82,4,5,3,4,5,5,4,4,5,4,4,4,7,5,4,3,6,6
7018,2025-11-14,4,9,84,6,5,3,4,5,4,4,4,7,4,5,3,6,5,6,3,5,5
7019,2025-11-21,7,12,72,4,4,3,4,5,4,3,4,5,4,4,3,4,4,4,4,4,5
7020,2025-11-22,7,12,73,4,3,4,4,5,4,3,4,5,4,4,4,5,4,4,3,4,5
7021,2025-11-25,2,6,76,4,5,4,4,5,4,4,4,5,4,4,3,5,4,4,4,4,5
7022,2025-11-25,2,22,86,4,5,4,6,5,4,8,4,5,5,5,5,5,5,4,3,4,5
7023,2025-11-26,4,3,74,4,4,3,4,5,4,3,4,5,4,4,4,5,4,4,3,4,6
7024,2025-11-27,6,11,84,4,5,4,4,6,5,5,4,6,4,6,5,5,5,5,3,4,4
7025,2025-11-28,6,6,78,5,4,3,6,5,4,3,5,5,5,4,5,5,4,4,3,4,4
7026,2025-11-29,4,17,76,4,4,4,5,5,4,3,4,5,4,4,3,5,5,4,4,4,5
7027,2025-12-05,4,12,75,4,4,5,4,5,4,4,4,5,4,4,3,5,4,4,3,4,5
7028,2025-12-10,2,22,88,4,4,3,6,5,5,4,6,6,4,7,5,5,5,5,4,4,6
7029,2025-12-15,4,3,73,4,4,3,4,5,4,3,4,5,4,4,3,5,4,5,3,4,5
7030,2025-12-17,6,7,73,4,4,3,4,5,4,3,4,5,4,4,4,5,5,4,3,4,4
7031,2025-12-26,6,6,75,4,5,4,4,5,4,3,4,5,5,4,3,6,4,4,3,4,4
