round_id,player_id,course_id,played_on,score,putts,fairways_hit,weather
1,15,6,2026-02-02,75,34,9,Windy
2,4,1,2026-02-04,72,29,10,Overcast
3,13,5,2026-02-08,87,31,4,Overcast
4,20,5,2026-02-08,74,34,8,Sunny
5,3,7,2026-02-10,70,26,8,Overcast
6,7,5,2026-02-12,71,30,8,Rain
7,13,4,2026-02-13,86,36,5,Sunny
8,16,2,2026-02-13,80,33,10,Overcast
9,7,5,2026-02-19,68,31,8,Windy
10,6,4,2026-02-21,79,32,9,Sunny
11,5,8,2026-02-22,74,32,9,Rain
12,14,6,2026-02-23,81,34,6,Windy
13,1,2,2026-02-24,83,29,7,Sunny
14,13,7,2026-03-01,88,33,5,Sunny
15,9,4,2026-03-04,81,31,6,Sunny
16,14,6,2026-03-04,80,32,8,Sunny
17,16,7,2026-03-06,76,28,9,Sunny
18,20,5,2026-03-07,73,33,8,Sunny
19,6,5,2026-03-10,76,35,8,Sunny
20,3,2,2026-03-17,73,29,6,
21,1,5,2026-03-18,82,28,8,Overcast
22,2,1,2026-03-21,81,32,6,Sunny
23,3,2,2026-03-23,72,27,12,Windy
24,12,4,2026-03-26,71,31,8,Overcast
25,7,7,2026-03-27,74,32,8,Overcast
26,4,5,2026-03-28,72,31,8,Sunny
27,15,1,2026-04-03,74,33,10,Sunny
28,55,5,2026-04-03,79,33,7,Overcast
29,3,4,2026-04-04,72,32,8,Sunny
30,20,8,2026-04-09,73,32,6,
31,8,7,2026-04-12,80,,7,Sunny
32,7,1,2026-04-15,72,28,9,Windy
33,4,1,2026-04-19,72,29,12,Sunny
34,22,6,2026-04-20,83,32,5,Overcast
35,20,1,2026-04-24,75,31,11,Overcast
36,17,6,2026-04-25,77,31,9,Overcast
37,3,4,2026-04-26,74,33,6,Overcast
38,20,2,2026-04-26,77,28,7,Windy
39,5,2,2026-04-28,72,29,11,Overcast
40,4,7,2026-04-30,73,27,9,Overcast
41,1,2,2026-05-01,79,35,8,Sunny
42,11,4,2026-05-04,83,29,9,Rain
43,7,1,2026-05-05,72,34,7,Windy
44,9,5,2026-05-07,79,32,8,Sunny
45,10,4,2026-05-10,83,,7,Windy
46,10,1,2026-05-11,84,34,4,Rain
47,16,1,2026-05-12,79,27,10,Sunny
48,3,4,2026-05-15,73,33,10,Sunny
49,2,1,2026-05-16,80,28,7,Sunny
50,17,1,2026-05-17,75,33,8,Overcast
51,4,8,2026-05-20,71,27,8,Sunny
52,22,1,2026-05-21,87,30,9,Rain
53,1,2,2026-05-23,81,,6,Sunny
54,1,2,2026-05-26,83,32,6,Rain
55,6,6,2026-05-26,75,35,8,Rain
56,12,7,2026-05-30,72,29,8,Sunny
57,4,8,2026-06-01,72,26,9,Sunny
58,15,5,2026-06-03,73,31,7,Sunny
59,14,1,2026-06-06,81,34,9,Windy
60,1,2,2026-06-07,79,33,5,Windy
61,22,1,2026-06-07,84,29,7,Sunny
62,12,4,2026-06-09,71,31,10,Sunny
63,12,6,2026-06-11,70,34,7,
64,2,1,2026-06-16,84,34,6,Windy
65,6,6,2026-06-16,82,30,7,Overcast
66,8,1,2026-06-24,83,30,4,Rain
67,5,4,2026-06-25,70,32,7,Sunny
68,20,7,2026-06-25,77,28,9,Sunny
69,9,4,2026-06-26,81,31,4,Rain
70,3,2,2026-07-01,71,29,6,Sunny
71,13,4,2026-07-01,84,33,4,Rain
72,17,2,2026-07-02,77,28,6,Windy
73,2,1,2026-07-03,79,28,7,Overcast
74,20,5,2026-07-04,75,29,10,Overcast
75,22,2,2026-07-07,85,,7,Sunny
76,5,8,2026-07-08,72,30,9,Sunny
77,16,4,2026-07-08,78,,8,Sunny
78,13,4,2026-07-11,87,35,6,Overcast
79,1,2,2026-07-12,82,34,4,Overcast
80,11,2,2026-07-17,82,32,5,Sunny
81,11,6,2026-07-17,86,33,5,Sunny
82,16,1,2026-07-19,79,33,9,Sunny
83,3,2,2026-07-31,73,28,6,Rain
84,3,4,2026-08-01,75,29,7,Sunny
85,1,7,2026-08-02,80,30,9,
86,77,6,2026-08-03,79,33,7,Windy
87,2,7,2026-08-04,77,35,7,Sunny
88,3,8,2026-08-05,71,30,10,Rain
89,2,8,2026-08-07,81,34,10,Overcast
90,10,1,2026-08-08,86,33,4,Overcast
91,20,5,2026-08-08,72,31,10,Overcast
92,13,1,2026-08-11,85,35,6,Sunny
93,16,4,2026-08-11,81,28,7,Overcast
94,5,8,2026-08-12,72,30,11,Overcast
95,9,6,2026-08-12,78,28,6,Overcast
96,1,2,2026-08-13,81,28,5,Overcast
97,11,4,2026-08-15,84,34,6,Overcast
98,9,7,2026-08-16,78,31,8,Overcast
99,77,7,2026-08-16,79,28,8,Sunny
100,20,2,2026-08-18,79,27,10,Windy
101,5,6,2026-08-19,72,27,8,Sunny
102,11,2,2026-08-19,83,32,7,Rain
103,2,1,2026-08-20,79,32,5,
104,22,6,2026-08-23,86,29,5,Sunny
105,8,4,2026-08-27,80,31,8,Sunny
106,6,4,2026-09-02,79,34,6,Sunny
107,11,6,2026-09-03,86,28,4,Rain
108,4,5,2026-09-05,71,27,10,Windy
109,9,2,2026-09-06,81,32,8,Sunny
110,14,6,2026-09-06,78,32,6,Rain
111,15,4,2026-09-08,77,34,6,Rain
112,1,2,2026-09-10,84,34,8,Overcast
113,4,6,2026-09-11,73,31,10,Rain
114,7,1,2026-09-11,72,31,9,Sunny
115,2,8,2026-09-15,80,28,9,Sunny
116,10,6,2026-09-15,80,30,8,Rain
117,13,6,2026-09-15,89,32,6,Rain
118,11,1,2026-09-20,84,31,4,Sunny
119,13,1,2026-09-21,87,35,7,Sunny
120,4,6,2026-09-22,72,34,10,Sunny
121,17,6,2026-09-23,73,31,8,Sunny
122,20,5,2026-09-24,73,34,6,Sunny
123,8,2,2026-09-28,80,33,7,Sunny
124,13,2,2026-09-28,84,30,3,Overcast
125,11,6,2026-09-30,85,36,6,Rain
