round_id,hole,par,strokes,putts
3,1,4,5,1
3,2,4,6,1
3,3,3,3,1
3,4,4,4,3
3,5,5,6,1
3,6,4,4,3
3,7,3,3,2
3,8,4,5,1
3,9,5,5,3
3,10,4,5,1
3,11,4,6,1
3,12,3,5,3
3,13,4,6,2
3,14,4,4,2
3,15,4,5,1
3,16,3,3,2
3,17,4,6,2
3,18,4,6,1
5,1,4,3,2
5,2,4,4,1
5,3,3,3,1
5,4,4,4,2
5,5,5,5,1
5,6,4,4,1
5,7,3,4,3
5,8,4,4,1
5,9,5,5,2
5,10,4,3,1
5,11,4,4,1
5,12,3,3,2
5,13,5,5,2
5,14,4,3,2
5,15,4,4,1
5,16,3,3,1
5,17,4,4,1
5,18,5,5,1
6,1,4,4,2
6,2,4,3,1
6,3,3,3,2
6,4,4,4,1
6,5,5,5,1
6,6,4,4,3
6,7,3,4,3
6,8,4,4,2
6,9,5,5,1
6,10,4,4,1
6,11,4,4,1
6,12,3,4,3
6,13,4,4,1
6,14,4,4,1
6,15,4,4,2
6,16,3,3,2
6,17,4,4,2
6,18,4,4,1
7,1,4,5,2
7,2,4,4,3
7,3,3,3,2
7,4,4,4,2
7,5,5,5,1
7,6,4,4,2
7,7,3,3,1
7,8,4,4,2
7,9,5,5,1
7,10,4,5,3
7,11,4,5,3
7,12,3,6,1
7,13,5,6,1
7,14,4,6,2
7,15,4,4,2
7,16,3,4,3
7,17,4,6,2
7,18,5,7,3
8,1,4,6,1
8,2,4,4,1
8,3,3,3,2
8,4,4,5,2
8,5,5,5,3
8,6,4,4,2
8,7,3,3,1
8,8,4,4,1
8,9,5,5,2
8,10,4,5,3
8,11,4,4,1
8,12,3,6,3
8,13,5,5,2
8,14,4,4,3
8,15,4,4,1
8,16,3,4,2
8,17,4,4,2
8,18,5,5,1
9,1,4,4,3
9,2,4,3,2
9,3,3,3,1
9,4,4,4,1
9,5,5,4,2
9,6,4,4,2
9,7,3,3,1
9,8,4,4,2
9,9,5,4,2
9,10,4,4,1
9,11,4,4,2
9,12,3,3,2
9,13,4,4,1
9,14,4,4,2
9,15,4,4,1
9,16,3,4,3
9,17,4,4,1
9,18,4,4,2
10,1,4,4,1
10,2,4,4,1
10,3,3,4,1
10,4,4,4,1
10,5,5,5,2
10,6,4,4,2
10,7,3,3,2
10,8,4,4,1
10,9,5,6,1
10,10,4,5,3
10,11,4,4,3
10,12,3,3,1
10,13,5,7,2
10,14,4,4,2
10,15,4,4,2
10,16,3,5,3
10,17,4,4,3
10,18,5,5,1
11,1,4,4,3
11,2,4,4,2
11,3,3,4,2
11,4,4,4,1
11,5,5,6,3
11,6,4,4,1
11,7,3,3,2
11,8,4,4,1
11,9,5,5,2
11,10,4,4,1
11,11,4,4,2
11,12,3,3,1
11,13,5,6,1
11,14,4,4,2
11,15,4,4,1
11,16,3,3,2
11,17,4,4,2
11,18,4,4,3
13,1,4,5,2
13,2,4,4,2
13,3,3,3,2
13,4,4,5,2
13,5,5,5,1
13,6,4,5,1
13,7,3,3,1
13,8,4,4,1
13,9,5,7,1
13,10,4,5,1
13,11,4,5,3
13,12,3,4,2
13,13,5,5,1
13,14,4,4,1
13,15,4,4,1
13,16,3,6,3
13,17,4,4,1
13,18,5,5,3
16,1,4,4,1
16,2,4,4,1
16,3,3,3,2
16,4,4,4,1
16,5,5,5,1
16,6,4,5,2
16,7,3,4,3
16,8,4,4,3
16,9,5,9,2
16,10,4,4,1
16,11,4,5,3
16,12,3,3,2
16,13,5,6,1
16,14,4,4,1
16,15,4,5,3
16,16,3,3,2
16,17,4,4,2
16,18,4,4,1
17,1,4,4,2
17,2,4,4,1
17,3,3,3,1
17,4,4,4,3
17,5,5,6,1
17,6,4,4,3
17,7,3,3,1
17,8,4,5,1
17,9,5,5,1
17,10,4,4,1
17,11,4,4,2
17,12,3,3,1
17,13,5,5,2
17,14,4,5,2
17,15,4,5,1
17,16,3,3,2
17,17,4,4,1
17,18,5,5,2
18,1,4,4,2
18,2,4,4,2
18,3,3,3,2
18,4,4,4,2
18,5,5,5,2
18,6,4,4,1
18,7,3,4,3
18,8,4,4,2
18,9,5,5,1
18,10,4,4,1
18,11,4,4,3
18,12,3,3,1
18,13,4,4,2
18,14,4,4,1
18,15,4,5,3
18,16,3,3,1
18,17,4,4,3
18,18,4,5,1
20,1,4,4,1
20,2,4,4,1
20,3,3,3,2
20,4,4,4,1
20,5,5,5,2
20,6,4,4,2
20,7,3,4,3
20,8,4,4,2
20,9,5,5,1
20,10,4,4,1
20,11,4,4,3
20,12,3,3,1
20,13,5,5,1
20,14,4,4,2
20,15,4,4,1
20,16,3,3,2
20,17,4,4,1
20,18,5,5,2
21,1,4,6,1
21,2,4,5,1
21,3,3,4,1
21,4,4,5,1
21,5,5,5,2
21,6,4,5,1
21,7,3,3,2
21,8,4,4,2
21,9,5,5,1
21,10,4,5,2
21,11,4,4,2
21,12,3,4,3
21,13,4,4,2
21,14,4,5,1
21,15,4,6,2
21,16,3,3,2
21,17,4,4,1
21,18,4,5,1
22,1,4,5,2
22,2,4,5,1
22,3,3,4,3
22,4,4,5,2
22,5,5,5,2
22,6,4,4,1
22,7,3,3,2
22,8,4,4,1
22,9,5,5,2
22,10,4,5,1
22,11,4,4,2
22,12,3,3,2
22,13,5,6,1
22,14,4,4,2
22,15,4,4,2
22,16,3,3,2
22,17,4,5,2
22,18,5,7,2
25,1,4,4,2
25,2,4,4,2
25,3,3,4,2
25,4,4,4,1
25,5,5,5,1
25,6,4,5,3
25,7,3,3,1
25,8,4,4,3
25,9,5,5,3
25,10,4,4,1
25,11,4,4,2
25,12,3,3,1
25,13,5,5,1
25,14,4,4,2
25,15,4,4,2
25,16,3,3,2
25,17,4,4,1
25,18,5,5,2
26,1,4,4,1
26,2,4,4,3
26,3,3,3,2
26,4,4,4,1
26,5,5,5,1
26,6,4,4,1
26,7,3,3,1
26,8,4,4,1
26,9,5,5,2
26,10,4,4,3
26,11,4,4,1
26,12,3,3,1
26,13,4,5,3
26,14,4,4,1
26,15,4,4,1
26,16,3,4,3
26,17,4,4,2
26,18,4,4,3
27,1,4,4,1
27,2,4,4,3
27,3,3,3,1
27,4,4,4,1
27,5,5,5,2
27,6,4,4,1
27,7,3,3,2
27,8,4,4,3
27,9,5,5,2
27,10,4,5,2
27,11,4,4,3
27,12,3,3,2
27,13,5,5,2
27,14,4,4,1
27,15,4,4,1
27,16,3,4,3
27,17,4,4,1
27,18,5,5,2
28,1,4,4,3
28,2,4,5,2
28,3,3,3,2
28,4,4,4,2
28,5,5,5,2
28,6,4,4,2
28,7,3,4,1
28,8,4,5,1
28,9,5,6,1
28,10,4,4,3
28,11,4,4,1
28,12,3,3,1
28,13,4,5,2
28,14,4,4,1
28,15,4,4,1
28,16,3,5,2
28,17,4,6,3
28,18,4,4,3
29,1,4,4,3
29,2,4,4,1
29,3,3,3,2
29,4,4,4,3
29,5,5,5,1
29,6,4,4,2
29,7,3,3,2
29,8,4,4,2
29,9,5,5,2
29,10,4,4,1
29,11,4,4,1
29,12,3,4,3
29,13,5,5,3
29,14,4,4,2
29,15,4,3,1
29,16,3,3,1
29,17,4,4,1
29,18,5,5,1
31,1,4,4,
31,2,4,5,
31,3,3,5,
31,4,4,4,
31,5,5,5,
31,6,4,4,
31,7,3,5,
31,8,4,4,
31,9,5,6,
31,10,4,4,
31,11,4,4,
31,12,3,4,
31,13,5,5,
31,14,4,4,
31,15,4,4,
31,16,3,3,
31,17,4,4,
31,18,5,6,
32,1,4,4,2
32,2,4,4,1
32,3,3,3,1
32,4,4,4,2
32,5,5,5,2
32,6,4,4,3
32,7,3,3,1
32,8,4,4,1
32,9,5,5,1
32,10,4,4,2
32,11,4,4,1
32,12,3,3,2
32,13,5,5,1
32,14,4,4,2
32,15,4,4,1
32,16,3,3,2
32,17,4,4,1
32,18,5,5,2
34,1,4,6,3
34,2,4,5,1
34,3,3,3,2
34,4,4,4,2
34,5,5,7,2
34,6,4,5,1
34,7,3,3,2
34,8,4,4,3
34,9,5,6,1
34,10,4,6,2
34,11,4,4,2
34,12,3,3,1
34,13,5,5,1
34,14,4,4,3
34,15,4,5,1
34,16,3,3,2
34,17,4,5,2
34,18,4,5,1
35,1,4,5,3
35,2,4,4,1
35,3,3,3,2
35,4,4,4,2
35,5,5,5,1
35,6,4,4,2
35,7,3,4,2
35,8,4,4,3
35,9,5,5,1
35,10,4,4,2
35,11,4,4,1
35,12,3,3,1
35,13,5,5,1
35,14,4,5,2
35,15,4,4,3
35,16,3,3,2
35,17,4,4,1
35,18,5,5,1
37,1,4,4,3
37,2,4,5,2
37,3,3,3,2
37,4,4,4,1
37,5,5,5,3
37,6,4,4,2
37,7,3,3,1
37,8,4,4,2
37,9,5,5,1
37,10,4,4,3
37,11,4,4,1
37,12,3,3,1
37,13,5,5,1
37,14,4,4,2
37,15,4,4,1
37,16,3,4,3
37,17,4,4,2
37,18,5,5,2
39,1,4,4,1
39,2,4,4,3
39,3,3,3,1
39,4,4,4,1
39,5,5,5,2
39,6,4,4,2
39,7,3,3,1
39,8,4,4,1
39,9,5,5,2
39,10,4,4,2
39,11,4,4,1
39,12,3,3,1
39,13,5,5,1
39,14,4,4,2
39,15,4,4,3
39,16,3,3,1
39,17,4,4,1
39,18,5,5,3
40,1,4,4,1
40,2,4,4,1
40,3,3,3,1
40,4,4,4,1
40,5,5,5,2
40,6,4,4,2
40,7,3,3,2
40,8,4,4,1
40,9,5,5,1
40,10,4,4,2
40,11,4,4,1
40,12,3,3,2
40,13,5,5,1
40,14,4,4,1
40,15,4,4,1
40,16,3,4,3
40,17,4,4,1
40,18,5,5,3
41,1,4,5,1
41,2,4,5,3
41,3,3,4,2
41,4,4,4,3
41,5,5,6,3
41,6,4,4,2
41,7,3,3,2
41,8,4,4,2
41,9,5,5,2
41,10,4,4,2
41,11,4,4,1
41,12,3,3,1
41,13,5,5,3
41,14,4,4,2
41,15,4,5,1
41,16,3,3,2
41,17,4,5,2
41,18,5,6,1
42,1,4,5,1
42,2,4,5,1
42,3,3,4,1
42,4,4,4,3
42,5,5,5,1
42,6,4,4,2
42,7,3,3,1
42,8,4,6,1
42,9,5,5,3
42,10,4,4,2
42,11,4,5,2
42,12,3,3,2
42,13,5,5,2
42,14,4,5,1
42,15,4,5,3
42,16,3,4,1
42,17,4,5,1
42,18,5,6,1
43,1,4,4,1
43,2,4,4,2
43,3,3,3,2
43,4,4,4,2
43,5,5,5,1
43,6,4,4,3
43,7,3,3,2
43,8,4,4,1
43,9,5,4,1
43,10,4,4,1
43,11,4,4,3
43,12,3,4,3
43,13,5,5,2
43,14,4,4,3
43,15,4,4,1
43,16,3,3,2
43,17,4,4,3
43,18,5,5,1
44,1,4,4,2
44,2,4,4,1
44,3,3,3,1
44,4,4,5,1
44,5,5,5,2
44,6,4,4,3
44,7,3,3,1
44,8,4,4,1
44,9,5,7,2
44,10,4,6,2
44,11,4,6,3
44,12,3,3,1
44,13,4,4,1
44,14,4,5,3
44,15,4,4,3
44,16,3,3,2
44,17,4,5,1
44,18,4,4,2
45,1,4,5,
45,2,4,5,
45,3,3,3,
45,4,4,5,
45,5,5,5,
45,6,4,5,
45,7,3,3,
45,8,4,5,
45,9,5,5,
45,10,4,5,
45,11,4,5,
45,12,3,5,
45,13,5,6,
45,14,4,4,
45,15,4,5,
45,16,3,3,
45,17,4,4,
45,18,5,5,
46,1,4,4,1
46,2,4,4,1
46,3,3,4,2
46,4,4,4,1
46,5,5,6,3
46,6,4,4,2
46,7,3,3,2
46,8,4,6,1
46,9,5,7,3
46,10,4,4,1
46,11,4,4,1
46,12,3,3,2
46,13,5,8,3
46,14,4,5,1
46,15,4,4,2
46,16,3,5,2
46,17,4,4,3
46,18,5,5,3
47,1,4,5,2
47,2,4,4,1
47,3,3,3,2
47,4,4,4,1
47,5,5,5,2
47,6,4,4,1
47,7,3,3,2
47,8,4,5,2
47,9,5,6,2
47,10,4,4,2
47,11,4,4,1
47,12,3,3,2
47,13,5,5,1
47,14,4,4,2
47,15,4,4,1
47,16,3,3,1
47,17,4,7,1
47,18,5,6,1
48,1,4,5,2
48,2,4,4,3
48,3,3,3,1
48,4,4,4,3
48,5,5,5,3
48,6,4,4,2
48,7,3,3,1
48,8,4,4,2
48,9,5,5,2
48,10,4,4,3
48,11,4,4,2
48,12,3,3,1
48,13,5,5,3
48,14,4,4,1
48,15,4,4,1
48,16,3,3,1
48,17,4,4,1
48,18,5,5,1
49,1,4,5,1
49,2,4,4,1
49,3,3,3,1
49,4,4,5,1
49,5,5,5,1
49,6,4,5,1
49,7,3,4,2
49,8,4,5,2
49,9,5,5,3
49,10,4,4,1
49,11,4,4,2
49,12,3,4,3
49,13,5,5,2
49,14,4,5,1
49,15,4,5,2
49,16,3,3,2
49,17,4,4,1
49,18,5,5,1
50,1,4,4,1
50,2,4,4,1
50,3,3,4,3
50,4,4,4,1
50,5,5,5,1
50,6,4,4,2
50,7,3,3,2
50,8,4,4,3
50,9,5,6,1
50,10,4,4,3
50,11,4,4,1
50,12,3,4,3
50,13,5,5,1
50,14,4,4,2
50,15,4,4,1
50,16,3,3,2
50,17,4,4,3
50,18,5,5,2
52,1,4,5,2
52,2,4,5,1
52,3,3,5,2
52,4,4,4,1
52,5,5,6,2
52,6,4,6,1
52,7,3,3,1
52,8,4,4,2
52,9,5,8,1
52,10,4,4,2
52,11,4,4,3
52,12,3,5,3
52,13,5,5,1
52,14,4,5,2
52,15,4,4,1
52,16,3,4,3
52,17,4,5,1
52,18,5,5,1
53,1,4,4,
53,2,4,6,
53,3,3,3,
53,4,4,4,
53,5,5,5,
53,6,4,4,
53,7,3,3,
53,8,4,7,
53,9,5,6,
53,10,4,4,
53,11,4,4,
53,12,3,3,
53,13,5,5,
53,14,4,5,
53,15,4,5,
53,16,3,3,
53,17,4,4,
53,18,5,6,
54,1,4,4,1
54,2,4,5,2
54,3,3,3,2
54,4,4,4,3
54,5,5,6,1
54,6,4,4,3
54,7,3,3,2
54,8,4,4,3
54,9,5,5,2
54,10,4,4,1
54,11,4,5,3
54,12,3,4,1
54,13,5,6,2
54,14,4,5,1
54,15,4,5,2
54,16,3,3,1
54,17,4,5,1
54,18,5,8,1
56,1,4,4,2
56,2,4,4,1
56,3,3,4,3
56,4,4,4,1
56,5,5,5,2
56,6,4,4,2
56,7,3,2,1
56,8,4,4,2
56,9,5,5,1
56,10,4,4,1
56,11,4,4,1
56,12,3,3,1
56,13,5,5,2
56,14,4,4,1
56,15,4,4,3
56,16,3,3,1
56,17,4,4,1
56,18,5,5,3
57,1,4,4,1
57,2,4,4,1
57,3,3,3,1
57,4,4,4,1
57,5,5,5,2
57,6,4,4,1
57,7,3,3,2
57,8,4,4,3
57,9,5,6,1
57,10,4,4,2
57,11,4,4,1
57,12,3,3,2
57,13,5,5,1
57,14,4,4,2
57,15,4,4,1
57,16,3,3,2
57,17,4,4,1
57,18,4,4,1
58,1,4,4,1
58,2,4,4,2
58,3,3,3,2
58,4,4,4,1
58,5,5,5,3
58,6,4,4,2
58,7,3,3,2
58,8,4,4,1
58,9,5,5,1
58,10,4,4,2
58,11,4,4,2
58,12,3,4,3
58,13,4,5,1
58,14,4,4,2
58,15,4,4,2
58,16,3,4,2
58,17,4,4,1
58,18,4,4,1
59,1,4,4,3
59,2,4,5,1
59,3,3,3,2
59,4,4,4,3
59,5,5,7,1
59,6,4,5,1
59,7,3,5,1
59,8,4,4,3
59,9,5,5,3
59,10,4,4,1
59,11,4,5,2
59,12,3,3,2
59,13,5,5,1
59,14,4,4,3
59,15,4,4,1
59,16,3,4,3
59,17,4,5,1
59,18,5,5,2
60,1,4,4,3
60,2,4,4,3
60,3,3,3,1
60,4,4,6,1
60,5,5,5,3
60,6,4,5,2
60,7,3,3,1
60,8,4,4,3
60,9,5,5,1
60,10,4,4,1
60,11,4,5,1
60,12,3,5,3
60,13,5,5,2
60,14,4,5,1
60,15,4,4,2
60,16,3,3,1
60,17,4,4,3
60,18,5,5,1
61,1,4,4,1
61,2,4,4,1
61,3,3,5,1
61,4,4,5,1
61,5,5,5,2
61,6,4,5,3
61,7,3,4,2
61,8,4,4,1
61,9,5,5,1
61,10,4,5,2
61,11,4,4,1
61,12,3,4,3
61,13,5,6,1
61,14,4,4,1
61,15,4,6,1
61,16,3,5,3
61,17,4,4,3
61,18,5,5,1
62,1,4,3,2
62,2,4,4,2
62,3,3,3,2
62,4,4,4,1
62,5,5,5,2
62,6,4,4,1
62,7,3,3,2
62,8,4,3,2
62,9,5,5,1
62,10,4,4,1
62,11,4,4,2
62,12,3,4,3
62,13,5,5,2
62,14,4,4,1
62,15,4,4,2
62,16,3,3,2
62,17,4,4,2
62,18,5,5,1
64,1,4,5,1
64,2,4,5,1
64,3,3,4,3
64,4,4,4,2
64,5,5,5,1
64,6,4,6,2
64,7,3,4,3
64,8,4,5,1
64,9,5,5,1
64,10,4,4,2
64,11,4,4,2
64,12,3,4,3
64,13,5,6,2
64,14,4,4,2
64,15,4,4,2
64,16,3,4,3
64,17,4,4,1
64,18,5,7,2
65,1,4,6,2
65,2,4,5,1
65,3,3,4,3
65,4,4,4,2
65,5,5,5,1
65,6,4,4,1
65,7,3,3,2
65,8,4,4,2
65,9,5,5,2
65,10,4,6,1
65,11,4,5,1
65,12,3,6,3
65,13,5,5,1
65,14,4,4,1
65,15,4,5,2
65,16,3,3,1
65,17,4,4,2
65,18,4,4,2
66,1,4,5,1
66,2,4,5,2
66,3,3,3,1
66,4,4,4,3
66,5,5,5,2
66,6,4,5,1
66,7,3,5,3
66,8,4,4,3
66,9,5,5,1
66,10,4,5,1
66,11,4,4,1
66,12,3,4,3
66,13,5,6,1
66,14,4,6,1
66,15,4,4,1
66,16,3,4,3
66,17,4,4,1
66,18,5,5,1
67,1,4,4,1
67,2,4,4,2
67,3,3,4,3
67,4,4,4,3
67,5,5,5,1
67,6,4,4,1
67,7,3,3,2
67,8,4,3,1
67,9,5,5,1
67,10,4,4,3
67,11,4,2,1
67,12,3,3,1
67,13,5,4,1
67,14,4,4,3
67,15,4,4,1
67,16,3,4,3
67,17,4,4,2
67,18,5,5,2
68,1,4,4,1
68,2,4,4,1
68,3,3,4,3
68,4,4,4,2
68,5,5,5,1
68,6,4,5,1
68,7,3,3,2
68,8,4,4,1
68,9,5,5,1
68,10,4,5,1
68,11,4,4,1
68,12,3,3,2
68,13,5,5,1
68,14,4,4,2
68,15,4,4,1
68,16,3,4,1
68,17,4,4,3
68,18,5,6,3
69,1,4,4,1
69,2,4,4,2
69,3,3,3,2
69,4,4,5,2
69,5,5,7,1
69,6,4,4,2
69,7,3,4,2
69,8,4,5,1
69,9,5,5,3
69,10,4,5,2
69,11,4,4,2
69,12,3,3,2
69,13,5,5,1
69,14,4,4,1
69,15,4,5,3
69,16,3,3,1
69,17,4,6,1
69,18,5,5,2
71,1,4,5,2
71,2,4,4,3
71,3,3,4,1
71,4,4,4,3
71,5,5,6,2
71,6,4,4,1
71,7,3,5,3
71,8,4,4,2
71,9,5,7,1
71,10,4,4,2
71,11,4,4,3
71,12,3,6,2
71,13,5,5,1
71,14,4,4,1
71,15,4,4,1
71,16,3,3,2
71,17,4,4,2
71,18,5,7,1
73,1,4,4,1
73,2,4,4,1
73,3,3,4,3
73,4,4,4,2
73,5,5,5,1
73,6,4,5,1
73,7,3,3,1
73,8,4,4,1
73,9,5,6,2
73,10,4,4,2
73,11,4,4,1
73,12,3,3,1
73,13,5,7,2
73,14,4,5,2
73,15,4,4,2
73,16,3,3,1
73,17,4,5,1
73,18,5,5,3
75,1,4,5,
75,2,4,4,
75,3,3,5,
75,4,4,4,
75,5,5,6,
75,6,4,4,
75,7,3,4,
75,8,4,4,
75,9,5,6,
75,10,4,5,
75,11,4,4,
75,12,3,3,
75,13,5,5,
75,14,4,4,
75,15,4,6,
75,16,3,3,
75,17,4,4,
75,18,5,9,
76,1,4,4,1
76,2,4,4,2
76,3,3,3,2
76,4,4,4,3
76,5,5,5,1
76,6,4,4,2
76,7,3,3,1
76,8,4,4,1
76,9,5,5,3
76,10,4,4,1
76,11,4,4,1
76,12,3,3,2
76,13,5,5,2
76,14,4,4,2
76,15,4,4,2
76,16,3,3,1
76,17,4,4,2
76,18,4,5,1
77,1,4,4,
77,2,4,4,
77,3,3,4,
77,4,4,4,
77,5,5,5,
77,6,4,4,
77,7,3,4,
77,8,4,4,
77,9,5,5,
77,10,4,4,
77,11,4,5,
77,12,3,4,
77,13,5,5,
77,14,4,4,
77,15,4,4,
77,16,3,4,
77,17,4,5,
77,18,5,5,
78,1,4,6,1
78,2,4,4,2
78,3,3,3,1
78,4,4,5,2
78,5,5,6,1
78,6,4,5,1
78,7,3,4,3
78,8,4,5,2
78,9,5,6,3
78,10,4,5,3
78,11,4,4,3
78,12,3,5,3
78,13,5,5,1
78,14,4,5,2
78,15,4,4,1
78,16,3,3,2
78,17,4,5,2
78,18,5,7,2
79,1,4,5,3
79,2,4,4,2
79,3,3,3,1
79,4,4,4,3
79,5,5,5,1
79,6,4,4,3
79,7,3,3,1
79,8,4,5,3
79,9,5,6,2
79,10,4,5,1
79,11,4,4,2
79,12,3,3,1
79,13,5,5,3
79,14,4,4,3
79,15,4,6,1
79,16,3,4,1
79,17,4,5,1
79,18,5,7,2
81,1,4,5,2
81,2,4,6,2
81,3,3,5,3
81,4,4,5,1
81,5,5,5,1
81,6,4,5,2
81,7,3,4,2
81,8,4,4,1
81,9,5,6,2
81,10,4,4,1
81,11,4,4,3
81,12,3,5,1
81,13,5,5,1
81,14,4,4,2
81,15,4,6,2
81,16,3,4,3
81,17,4,4,3
81,18,4,5,1
82,1,4,4,2
82,2,4,4,2
82,3,3,4,3
82,4,4,4,2
82,5,5,5,1
82,6,4,4,2
82,7,3,4,1
82,8,4,4,1
82,9,5,5,3
82,10,4,5,3
82,11,4,4,1
82,12,3,4,1
82,13,5,6,1
82,14,4,4,1
82,15,4,5,2
82,16,3,4,3
82,17,4,4,2
82,18,5,5,2
83,1,4,4,2
83,2,4,4,1
83,3,3,3,1
83,4,4,4,3
83,5,5,5,2
83,6,4,4,1
83,7,3,4,1
83,8,4,4,2
83,9,5,5,1
83,10,4,4,1
83,11,4,4,2
83,12,3,3,2
83,13,5,5,3
83,14,4,4,1
83,15,4,4,1
83,16,3,3,1
83,17,4,4,2
83,18,5,5,1
85,1,4,4,1
85,2,4,5,3
85,3,3,3,2
85,4,4,6,2
85,5,5,5,1
85,6,4,5,1
85,7,3,3,2
85,8,4,5,1
85,9,5,5,2
85,10,4,5,1
85,11,4,4,2
85,12,3,4,1
85,13,5,5,2
85,14,4,4,1
85,15,4,4,2
85,16,3,4,2
85,17,4,4,1
85,18,5,5,3
87,1,4,4,3
87,2,4,6,3
87,3,3,4,2
87,4,4,4,1
87,5,5,5,2
87,6,4,4,3
87,7,3,3,1
87,8,4,4,1
87,9,5,6,1
87,10,4,4,3
87,11,4,4,1
87,12,3,3,2
87,13,5,5,1
87,14,4,5,2
87,15,4,4,3
87,16,3,3,2
87,17,4,4,3
87,18,5,5,1
89,1,4,4,3
89,2,4,5,2
89,3,3,3,2
89,4,4,5,2
89,5,5,5,1
89,6,4,4,2
89,7,3,4,2
89,8,4,4,2
89,9,5,7,1
89,10,4,5,3
89,11,4,4,3
89,12,3,3,2
89,13,5,6,2
89,14,4,6,1
89,15,4,5,3
89,16,3,3,1
89,17,4,4,1
89,18,4,4,1
90,1,4,5,2
90,2,4,5,3
90,3,3,5,1
90,4,4,6,1
90,5,5,6,2
90,6,4,5,2
90,7,3,3,2
90,8,4,6,1
90,9,5,5,1
90,10,4,5,2
90,11,4,4,1
90,12,3,4,2
90,13,5,6,2
90,14,4,4,3
90,15,4,4,3
90,16,3,3,2
90,17,4,5,2
90,18,5,5,1
91,1,4,4,1
91,2,4,4,1
91,3,3,3,2
91,4,4,4,3
91,5,5,5,1
91,6,4,4,2
91,7,3,4,3
91,8,4,4,1
91,9,5,5,3
91,10,4,4,1
91,11,4,5,1
91,12,3,3,1
91,13,4,4,2
91,14,4,4,1
91,15,4,4,2
91,16,3,3,2
91,17,4,4,1
91,18,4,4,3
92,1,4,4,3
92,2,4,6,1
92,3,3,4,2
92,4,4,4,2
92,5,5,5,3
92,6,4,7,3
92,7,3,4,1
92,8,4,6,1
92,9,5,6,1
92,10,4,4,1
92,11,4,4,2
92,12,3,3,2
92,13,5,5,2
92,14,4,5,2
92,15,4,4,3
92,16,3,4,1
92,17,4,4,2
92,18,5,6,3
93,1,4,4,1
93,2,4,4,2
93,3,3,4,1
93,4,4,5,2
93,5,5,7,1
93,6,4,5,1
93,7,3,3,2
93,8,4,5,3
93,9,5,7,1
93,10,4,4,1
93,11,4,4,2
93,12,3,3,2
93,13,5,5,2
93,14,4,4,2
93,15,4,4,1
93,16,3,4,2
93,17,4,4,1
93,18,5,5,1
94,1,4,4,1
94,2,4,4,2
94,3,3,4,3
94,4,4,4,1
94,5,5,5,1
94,6,4,4,1
94,7,3,3,1
94,8,4,4,1
94,9,5,4,2
94,10,4,4,1
94,11,4,4,2
94,12,3,3,1
94,13,5,5,1
94,14,4,4,1
94,15,4,4,3
94,16,3,4,3
94,17,4,4,2
94,18,4,4,3
95,1,4,5,3
95,2,4,4,1
95,3,3,4,3
95,4,4,4,2
95,5,5,5,1
95,6,4,5,1
95,7,3,3,1
95,8,4,4,1
95,9,5,5,1
95,10,4,4,2
95,11,4,4,2
95,12,3,4,1
95,13,5,5,3
95,14,4,5,1
95,15,4,5,2
95,16,3,3,1
95,17,4,4,1
95,18,4,5,1
96,1,4,4,1
96,2,4,5,1
96,3,3,3,1
96,4,4,4,1
96,5,5,7,2
96,6,4,4,1
96,7,3,4,3
96,8,4,5,1
96,9,5,5,3
96,10,4,4,1
96,11,4,4,2
96,12,3,5,2
96,13,5,6,1
96,14,4,4,2
96,15,4,4,1
96,16,3,4,3
96,17,4,4,1
96,18,5,5,1
97,1,4,4,2
97,2,4,6,3
97,3,3,3,2
97,4,4,5,1
97,5,5,5,1
97,6,4,4,2
97,7,3,3,2
97,8,4,7,1
97,9,5,5,3
97,10,4,4,2
97,11,4,6,1
97,12,3,4,3
97,13,5,5,1
97,14,4,6,1
97,15,4,4,2
97,16,3,3,2
97,17,4,5,2
97,18,5,5,3
98,1,4,4,1
98,2,4,4,2
98,3,3,4,3
98,4,4,4,3
98,5,5,5,2
98,6,4,4,2
98,7,3,4,1
98,8,4,5,2
98,9,5,5,3
98,10,4,4,1
98,11,4,5,1
98,12,3,3,1
98,13,5,6,2
98,14,4,5,1
98,15,4,4,1
98,16,3,3,1
98,17,4,4,1
98,18,5,5,3
99,1,4,4,1
99,2,4,4,3
99,3,3,4,3
99,4,4,4,1
99,5,5,5,2
99,6,4,4,1
99,7,3,5,1
99,8,4,4,3
99,9,5,5,1
99,10,4,6,2
99,11,4,4,2
99,12,3,3,1
99,13,5,5,1
99,14,4,4,1
99,15,4,5,2
99,16,3,3,1
99,17,4,5,1
99,18,5,5,1
102,1,4,4,1
102,2,4,4,2
102,3,3,4,3
102,4,4,5,1
102,5,5,6,1
102,6,4,4,3
102,7,3,4,3
102,8,4,5,2
102,9,5,5,2
102,10,4,4,2
102,11,4,5,2
102,12,3,4,2
102,13,5,6,3
102,14,4,4,1
102,15,4,4,1
102,16,3,4,1
102,17,4,4,1
102,18,5,7,1
103,1,4,5,3
103,2,4,5,2
103,3,3,3,1
103,4,4,4,2
103,5,5,5,2
103,6,4,4,3
103,7,3,3,1
103,8,4,5,2
103,9,5,5,2
103,10,4,4,1
103,11,4,4,1
103,12,3,3,1
103,13,5,6,3
103,14,4,6,3
103,15,4,4,1
103,16,3,3,1
103,17,4,5,2
103,18,5,5,1
105,1,4,5,2
105,2,4,4,1
105,3,3,4,3
105,4,4,5,2
105,5,5,5,1
105,6,4,4,3
105,7,3,5,3
105,8,4,4,1
105,9,5,5,2
105,10,4,4,1
105,11,4,4,1
105,12,3,4,1
105,13,5,5,1
105,14,4,5,2
105,15,4,5,3
105,16,3,3,1
105,17,4,4,2
105,18,5,5,1
106,1,4,4,1
106,2,4,6,3
106,3,3,4,2
106,4,4,4,1
106,5,5,5,2
106,6,4,5,3
106,7,3,4,1
106,8,4,4,3
106,9,5,5,2
106,10,4,4,3
106,11,4,4,1
106,12,3,3,2
106,13,5,5,2
106,14,4,4,2
106,15,4,4,2
106,16,3,4,1
106,17,4,4,1
106,18,5,6,2
107,1,4,4,2
107,2,4,4,2
107,3,3,4,1
107,4,4,5,1
107,5,5,6,1
107,6,4,4,2
107,7,3,5,3
107,8,4,5,2
107,9,5,5,1
107,10,4,5,2
107,11,4,7,1
107,12,3,4,1
107,13,5,7,1
107,14,4,4,1
107,15,4,4,2
107,16,3,3,2
107,17,4,6,1
107,18,4,4,2
108,1,4,4,2
108,2,4,4,2
108,3,3,3,1
108,4,4,4,2
108,5,5,5,1
108,6,4,5,1
108,7,3,3,1
108,8,4,4,2
108,9,5,5,2
108,10,4,4,1
108,11,4,4,1
108,12,3,3,2
108,13,4,4,2
108,14,4,4,1
108,15,4,4,2
108,16,3,3,2
108,17,4,4,1
108,18,4,4,1
109,1,4,5,2
109,2,4,4,1
109,3,3,3,2
109,4,4,4,1
109,5,5,5,1
109,6,4,5,3
109,7,3,3,2
109,8,4,5,3
109,9,5,5,1
109,10,4,5,1
109,11,4,4,3
109,12,3,5,3
109,13,5,7,2
109,14,4,5,2
109,15,4,4,1
109,16,3,3,1
109,17,4,4,1
109,18,5,5,2
110,1,4,5,3
110,2,4,4,1
110,3,3,3,2
110,4,4,4,1
110,5,5,5,2
110,6,4,5,1
110,7,3,3,1
110,8,4,4,2
110,9,5,7,1
110,10,4,4,2
110,11,4,5,2
110,12,3,3,1
110,13,5,5,2
110,14,4,4,3
110,15,4,5,2
110,16,3,4,3
110,17,4,4,1
110,18,4,4,2
111,1,4,5,2
111,2,4,4,2
111,3,3,3,1
111,4,4,4,1
111,5,5,5,1
111,6,4,4,2
111,7,3,4,3
111,8,4,4,1
111,9,5,5,3
111,10,4,5,3
111,11,4,4,1
111,12,3,4,3
111,13,5,5,3
111,14,4,4,1
111,15,4,4,2
111,16,3,4,3
111,17,4,4,1
111,18,5,5,1
112,1,4,5,2
112,2,4,6,1
112,3,3,5,2
112,4,4,4,1
112,5,5,5,2
112,6,4,4,3
112,7,3,3,2
112,8,4,5,2
112,9,5,6,3
112,10,4,6,1
112,11,4,4,1
112,12,3,5,1
112,13,5,5,2
112,14,4,4,3
112,15,4,4,1
112,16,3,4,3
112,17,4,4,1
112,18,5,5,3
113,1,4,4,3
113,2,4,4,2
113,3,3,3,2
113,4,4,4,1
113,5,5,5,1
113,6,4,4,1
113,7,3,3,2
113,8,4,5,3
113,9,5,5,1
113,10,4,4,1
113,11,4,4,2
113,12,3,4,3
113,13,5,5,1
113,14,4,4,2
113,15,4,4,1
113,16,3,3,1
113,17,4,4,1
113,18,4,4,3
115,1,4,4,2
115,2,4,6,1
115,3,3,4,1
115,4,4,5,2
115,5,5,5,1
115,6,4,4,1
115,7,3,4,1
115,8,4,4,1
115,9,5,5,2
115,10,4,5,2
115,11,4,4,2
115,12,3,3,1
115,13,5,6,2
115,14,4,5,1
115,15,4,4,1
115,16,3,3,2
115,17,4,4,2
115,18,4,5,3
116,1,4,4,2
116,2,4,5,1
116,3,3,4,1
116,4,4,4,1
116,5,5,5,1
116,6,4,4,1
116,7,3,4,2
116,8,4,4,3
116,9,5,5,3
116,10,4,6,1
116,11,4,4,1
116,12,3,3,2
116,13,5,7,3
116,14,4,4,2
116,15,4,6,2
116,16,3,3,1
116,17,4,4,2
116,18,4,4,1
118,1,4,4,1
118,2,4,4,3
118,3,3,3,1
118,4,4,5,2
118,5,5,5,1
118,6,4,6,2
118,7,3,4,1
118,8,4,6,2
118,9,5,5,2
118,10,4,5,2
118,11,4,5,2
118,12,3,4,2
118,13,5,5,1
118,14,4,4,2
118,15,4,5,2
118,16,3,4,1
118,17,4,4,2
118,18,5,6,2
119,1,4,5,2
119,2,4,4,3
119,3,3,4,1
119,4,4,7,1
119,5,5,6,2
119,6,4,5,1
119,7,3,5,1
119,8,4,5,2
119,9,5,5,3
119,10,4,5,1
119,11,4,6,3
119,12,3,3,2
119,13,5,7,3
119,14,4,4,1
119,15,4,4,2
119,16,3,3,2
119,17,4,4,2
119,18,5,5,3
120,1,4,4,2
120,2,4,4,3
120,3,3,3,1
120,4,4,4,2
120,5,5,5,1
120,6,4,4,1
120,7,3,3,2
120,8,4,4,2
120,9,5,5,1
120,10,4,4,2
120,11,4,4,2
120,12,3,4,3
120,13,5,5,1
120,14,4,4,1
120,15,4,4,3
120,16,3,3,2
120,17,4,4,3
120,18,4,4,2
121,1,4,4,2
121,2,4,6,3
121,3,3,3,2
121,4,4,4,2
121,5,5,5,1
121,6,4,4,1
121,7,3,3,2
121,8,4,4,2
121,9,5,5,3
121,10,4,4,1
121,11,4,4,2
121,12,3,3,1
121,13,5,5,1
121,14,4,4,1
121,15,4,4,3
121,16,3,3,2
121,17,4,4,1
121,18,4,4,1
122,1,4,4,2
122,2,4,4,2
122,3,3,3,2
122,4,4,5,2
122,5,5,5,3
122,6,4,4,2
122,7,3,3,2
122,8,4,4,1
122,9,5,5,1
122,10,4,4,2
122,11,4,5,3
122,12,3,3,1
122,13,4,4,1
122,14,4,4,2
122,15,4,4,3
122,16,3,3,2
122,17,4,4,2
122,18,4,5,1
123,1,4,5,2
123,2,4,5,1
123,3,3,3,2
123,4,4,4,2
123,5,5,5,2
123,6,4,4,2
123,7,3,3,2
123,8,4,4,1
123,9,5,5,2
123,10,4,4,3
123,11,4,4,2
123,12,3,6,3
123,13,5,6,1
123,14,4,4,2
123,15,4,5,3
123,16,3,3,1
123,17,4,5,1
123,18,5,5,1
124,1,4,4,2
124,2,4,4,2
124,3,3,3,2
124,4,4,5,1
124,5,5,7,2
124,6,4,5,1
124,7,3,4,2
124,8,4,4,2
124,9,5,6,1
124,10,4,6,1
124,11,4,5,3
124,12,3,3,1
124,13,5,5,1
124,14,4,5,3
124,15,4,4,2
124,16,3,3,1
124,17,4,5,2
124,18,5,6,1
125,1,4,5,1
125,2,4,4,1
125,3,3,3,1
125,4,4,5,2
125,5,5,5,2
125,6,4,5,3
125,7,3,5,3
125,8,4,5,3
125,9,5,5,3
125,10,4,5,3
125,11,4,4,3
125,12,3,4,1
125,13,5,7,1
125,14,4,7,3
125,15,4,4,3
125,16,3,3,1
125,17,4,4,1
125,18,4,5,1
43,1,4,4,1
43,2,4,4,2
43,3,3,3,2
43,4,4,4,2
43,5,5,5,1
43,6,4,4,3
43,7,3,3,2
43,8,4,4,1
43,9,5,4,1
43,10,4,4,1
43,11,4,4,3
43,12,3,4,3
43,13,5,5,2
43,14,4,4,3
43,15,4,4,1
43,16,3,3,2
43,17,4,4,3
43,18,5,5,1
225,1,4,4,2
225,2,4,4,3
225,3,3,3,1
225,4,4,4,1
225,5,5,5,2
225,6,4,4,1
225,7,3,3,1
225,8,4,4,2
225,9,5,7,3
225,10,4,4,1
225,11,4,4,2
225,12,3,3,1
225,13,5,6,2
225,14,4,4,2
225,15,4,4,1
225,16,3,3,1
225,17,4,4,1
225,18,4,5,3
